Datetime,Water Level (m)
2026-02-14 00:00:00,-0.3049778
2026-02-14 01:00:00,0.20798235
2026-02-14 02:00:00,0.5176868
2026-02-14 03:00:00,0.54483455
2026-02-14 04:00:00,0.2635008
2026-02-14 05:00:00,-0.20868526
2026-02-14 06:00:00,-0.7561964
2026-02-14 07:00:00,-1.2417713
2026-02-14 08:00:00,-1.5862149
2026-02-14 09:00:00,-1.6595
2026-02-14 10:00:00,-1.2941422
2026-02-14 11:00:00,-0.6652743
2026-02-14 12:00:00,0.006246976
2026-02-14 13:00:00,0.59851146
2026-02-14 14:00:00,0.9945112
2026-02-14 15:00:00,1.0926895
2026-02-14 16:00:00,0.86315215
2026-02-14 17:00:00,0.38871568
2026-02-14 18:00:00,-0.21886915
2026-02-14 19:00:00,-0.8078589
2026-02-14 20:00:00,-1.289346
2026-02-14 21:00:00,-1.5860695
2026-02-14 22:00:00,-1.6079056
2026-02-14 23:00:00,-1.2484212
2026-02-15 00:00:00,-0.64690304
2026-02-15 01:00:00,-0.0021212911
2026-02-15 02:00:00,0.52357084
2026-02-15 03:00:00,0.80428123
2026-02-15 04:00:00,0.7313851
2026-02-15 05:00:00,0.30607012
2026-02-15 06:00:00,-0.29939684
2026-02-15 07:00:00,-0.9326851
2026-02-15 08:00:00,-1.480755
2026-02-15 09:00:00,-1.8512654
2026-02-15 10:00:00,-1.8473283
2026-02-15 11:00:00,-1.3034955
2026-02-15 12:00:00,-0.51018816
2026-02-15 13:00:00,0.31028527
2026-02-15 14:00:00,0.9800027
2026-02-15 15:00:00,1.3520799
2026-02-15 16:00:00,1.3403957
2026-02-15 17:00:00,0.9400013
2026-02-15 18:00:00,0.27049062
2026-02-15 19:00:00,-0.45938846
2026-02-15 20:00:00,-1.1153262
2026-02-15 21:00:00,-1.6244524
2026-02-15 22:00:00,-1.9060712
2026-02-15 23:00:00,-1.7804116
2026-02-16 00:00:00,-1.1767027
2026-02-16 01:00:00,-0.3654905
2026-02-16 02:00:00,0.40669176
2026-02-16 03:00:00,0.94176203
2026-02-16 04:00:00,1.1049696
2026-02-16 05:00:00,0.8119782
2026-02-16 06:00:00,0.21144716
2026-02-16 07:00:00,-0.5200107
2026-02-16 08:00:00,-1.2022119
2026-02-16 09:00:00,-1.7516774
2026-02-16 10:00:00,-2.0609367
2026-02-16 11:00:00,-1.8419799
2026-02-16 12:00:00,-1.1302402
2026-02-16 13:00:00,-0.17184836
2026-02-16 14:00:00,0.72690034
2026-02-16 15:00:00,1.3630894
2026-02-16 16:00:00,1.6274731
2026-02-16 17:00:00,1.4126694
2026-02-16 18:00:00,0.79999435
2026-02-16 19:00:00,-0.016413318
2026-02-16 20:00:00,-0.8013794
2026-02-16 21:00:00,-1.460624
2026-02-16 22:00:00,-1.9354076
2026-02-16 23:00:00,-2.1111054
2026-02-17 00:00:00,-1.6919134
2026-02-17 01:00:00,-0.90063757
2026-02-17 02:00:00,0.061032366
2026-02-17 03:00:00,0.8704454
2026-02-17 04:00:00,1.313298
2026-02-17 05:00:00,1.2807761
2026-02-17 06:00:00,0.7663649
2026-02-17 07:00:00,-0.0006161342
2026-02-17 08:00:00,-0.80053645
2026-02-17 09:00:00,-1.4855118
2026-02-17 10:00:00,-1.9986367
2026-02-17 11:00:00,-2.1644242
2026-02-17 12:00:00,-1.6574967
2026-02-17 13:00:00,-0.79718065
2026-02-17 14:00:00,0.25232404
2026-02-17 15:00:00,1.1416075
2026-02-17 16:00:00,1.6795763
2026-02-17 17:00:00,1.7644533
2026-02-17 18:00:00,1.321312
2026-02-17 19:00:00,0.523349
2026-02-17 20:00:00,-0.36132586
2026-02-17 21:00:00,-1.1495291
2026-02-17 22:00:00,-1.7833989
2026-02-17 23:00:00,-2.1961863
2026-02-18 00:00:00,-2.1454737
2026-02-18 01:00:00,-1.4226414
2026-02-18 02:00:00,-0.40616804
2026-02-18 03:00:00,0.6001457
2026-02-18 04:00:00,1.3054537
2026-02-18 05:00:00,1.5543993
2026-02-18 06:00:00,1.256968
2026-02-18 07:00:00,0.5557003
2026-02-18 08:00:00,-0.31144255
2026-02-18 09:00:00,-1.1047628
2026-02-18 10:00:00,-1.7493279
2026-02-18 11:00:00,-2.1762471
2026-02-18 12:00:00,-2.1163568
2026-02-18 13:00:00,-1.3760285
2026-02-18 14:00:00,-0.32836726
2026-02-18 15:00:00,0.7322412
2026-02-18 16:00:00,1.5328345
2026-02-18 17:00:00,1.9156308
2026-02-18 18:00:00,1.7291651
2026-02-18 19:00:00,1.0438105
2026-02-18 20:00:00,0.12056167
2026-02-18 21:00:00,-0.7661387
2026-02-18 22:00:00,-1.5114836
2026-02-18 23:00:00,-2.070967
2026-02-19 00:00:00,-2.3262937
2026-02-19 01:00:00,-1.8953546
2026-02-19 02:00:00,-1.0316594
2026-02-19 03:00:00,0.11265647
2026-02-19 04:00:00,1.0696926
2026-02-19 05:00:00,1.5975171
2026-02-19 06:00:00,1.6188974
2026-02-19 07:00:00,1.086347
2026-02-19 08:00:00,0.25089914
2026-02-19 09:00:00,-0.629325
2026-02-19 10:00:00,-1.3803438
2026-02-19 11:00:00,-1.9576006
2026-02-19 12:00:00,-2.2416008
2026-02-19 13:00:00,-1.8484362
2026-02-19 14:00:00,-0.9896372
2026-02-19 15:00:00,0.16288765
2026-02-19 16:00:00,1.1588292
2026-02-19 17:00:00,1.7825037
2026-02-19 18:00:00,1.9028785
2026-02-19 19:00:00,1.4306093
2026-02-19 20:00:00,0.5849246
2026-02-19 21:00:00,-0.35687464
2026-02-19 22:00:00,-1.1824456
2026-02-19 23:00:00,-1.8467526
2026-02-20 00:00:00,-2.2862952
